﻿<dictionaries>
  <dict id="1"
      title="Энциклопедический словарь / Брокгауз Ф.А. Ефрон И.А."
      uri="http://netcologne.dl.sourceforge.net/project/xdxf/dicts-stardict-form-xdxf/002c/stardict-comn_sdict05_brokg-2.4.2.tar.bz2"
      fromLang="Russian"
      toLang="Russian"
      size="73307934"
      numWords="121108"
/>
  <dict id="2"
      title="English-Bulgarian computer dictionary"
      uri="http://netcologne.dl.sourceforge.net/project/xdxf/dicts-stardict-form-xdxf/002c/stardict-comn_sdict05_bulg_comp-2.4.2.tar.bz2"
      fromLang="English"
      toLang="Bulgarian"
      size="13889"
      numWords="523"
/>
  <dict id="3"
      title="Bulgarian Synonyms dictionary"
      uri="http://netcologne.dl.sourceforge.net/project/xdxf/dicts-stardict-form-xdxf/002c/stardict-comn_sdict05_bulg_syn-2.4.2.tar.bz2"
      fromLang="Bulgarian"
      toLang="Bulgarian"
      size="684095"
      numWords="22889"
/>
  <dict id="4"
      title="Chinese-English dictionary"
      uri="http://netcologne.dl.sourceforge.net/project/xdxf/dicts-stardict-form-xdxf/002c/stardict-comn_sdict05_chinese-eng-2.4.2.tar.bz2"
      fromLang="Chinese"
      toLang="English"
      size="466923"
      numWords="26617"
/>
  <dict id="5"
      title="Czech-Russian dictionary"
      uri="http://netcologne.dl.sourceforge.net/project/xdxf/dicts-stardict-form-xdxf/002c/stardict-comn_sdict05_czech-rus-2.4.2.tar.bz2"
      fromLang="Czech"
      toLang="Russian"
      size="85467"
      numWords="9656"
/>
  <dict id="6"
      title="Толковый словарь Даля"
      uri="http://netcologne.dl.sourceforge.net/project/xdxf/dicts-stardict-form-xdxf/002c/stardict-comn_sdict05_dal-2.4.2.tar.bz2"
      fromLang="Russian"
      toLang="Russian"
      size="5707508"
      numWords="43460"
/>
  <dict id="7"
      title="Danish-English dictionary"
      uri="http://netcologne.dl.sourceforge.net/project/xdxf/dicts-stardict-form-xdxf/002c/stardict-comn_sdict05_danish-english-2.4.2.tar.bz2"
      fromLang="Danish"
      toLang="English"
      size="37593"
      numWords="3323"
/>
  <dict id="8"
      title="Dutch-English dictionary"
      uri="http://netcologne.dl.sourceforge.net/project/xdxf/dicts-stardict-form-xdxf/002c/stardict-comn_sdict05_dutch-english-2.4.2.tar.bz2"
      fromLang="Dutch; Flemish"
      toLang="English"
      size="166648"
      numWords="18244"
/>
  <dict id="9"
      title="Elements-English dictionary"
      uri="http://netcologne.dl.sourceforge.net/project/xdxf/dicts-stardict-form-xdxf/002c/stardict-comn_sdict05_elements-english-2.4.2.tar.bz2"
      fromLang="English"
      toLang="English"
      size="12434"
      numWords="110"
/>
  <dict id="10"
      title="English-Arabic dictionary"
      uri="http://netcologne.dl.sourceforge.net/project/xdxf/dicts-stardict-form-xdxf/002c/stardict-comn_sdict05_eng_arabic-2.4.2.tar.bz2"
      fromLang="English"
      toLang="Arabic"
      size="605767"
      numWords="87423"
/>
  <dict id="11"
      title="English explanatory dictionary (main)"
      uri="http://netcologne.dl.sourceforge.net/project/xdxf/dicts-stardict-form-xdxf/002c/stardict-comn_sdict05_eng_eng_main-2.4.2.tar.bz2"
      fromLang="English"
      toLang="English"
      size="3001206"
      numWords="45897"
/>
  <dict id="12"
      title="English explanatory dictionary (new words)"
      uri="http://netcologne.dl.sourceforge.net/project/xdxf/dicts-stardict-form-xdxf/002c/stardict-comn_sdict05_eng_eng_nw-2.4.2.tar.bz2"
      fromLang="English"
      toLang="English"
      size="319337"
      numWords="1159"
/>
  <dict id="13"
      title="English explanatory dictionary (synonyms)"
      uri="http://netcologne.dl.sourceforge.net/project/xdxf/dicts-stardict-form-xdxf/002c/stardict-comn_sdict05_eng_eng_syn-2.4.2.tar.bz2"
      fromLang="English"
      toLang="English"
      size="1337445"
      numWords="9142"
/>
  <dict id="14"
      title="English-Finnish dictionary"
      uri="http://netcologne.dl.sourceforge.net/project/xdxf/dicts-stardict-form-xdxf/002c/stardict-comn_sdict05_eng_fin-2.4.2.tar.bz2"
      fromLang="English"
      toLang="Finnish"
      size="185517"
      numWords="17851"
/>
  <dict id="15"
      title="English-Hungarian dictionary"
      uri="http://netcologne.dl.sourceforge.net/project/xdxf/dicts-stardict-form-xdxf/002c/stardict-comn_sdict05_eng-hung-2.4.2.tar.bz2"
      fromLang="English"
      toLang="Hungarian"
      size="1132430"
      numWords="67262"
/>
  <dict id="16"
      title="English-Russian business dictionary"
      uri="http://netcologne.dl.sourceforge.net/project/xdxf/dicts-stardict-form-xdxf/002c/stardict-comn_sdict05_eng_rus_bus-2.4.2.tar.bz2"
      fromLang="English"
      toLang="Russian"
      size="251420"
      numWords="12673"
/>
  <dict id="17"
      title="English-Russian computer dictionary"
      uri="http://netcologne.dl.sourceforge.net/project/xdxf/dicts-stardict-form-xdxf/002c/stardict-comn_sdict05_eng_rus_comp-2.4.2.tar.bz2"
      fromLang="English"
      toLang="Russian"
      size="300533"
      numWords="13163"
/>
  <dict id="18"
      title="English-Russian economic dictionary"
      uri="http://netcologne.dl.sourceforge.net/project/xdxf/dicts-stardict-form-xdxf/002c/stardict-comn_sdict05_eng_rus_eco-2.4.2.tar.bz2"
      fromLang="English"
      toLang="Russian"
      size="243468"
      numWords="14436"
/>
  <dict id="19"
      title="English-Russian full dictionary"
      uri="http://netcologne.dl.sourceforge.net/project/xdxf/dicts-stardict-form-xdxf/002c/stardict-comn_sdict05_eng_rus_full-2.4.2.tar.bz2"
      fromLang="English"
      toLang="Russian"
      size="18839918"
      numWords="526876"
/>
  <dict id="20"
      title="English-Russian short dictionary"
      uri="http://netcologne.dl.sourceforge.net/project/xdxf/dicts-stardict-form-xdxf/002c/stardict-comn_sdict05_eng_rus_short-2.4.2.tar.bz2"
      fromLang="English"
      toLang="Russian"
      size="3190219"
      numWords="46650"
/>
  <dict id="21"
      title="English-Russian slang dictionary"
      uri="http://netcologne.dl.sourceforge.net/project/xdxf/dicts-stardict-form-xdxf/002c/stardict-comn_sdict05_eng_rus_slang-2.4.2.tar.bz2"
      fromLang="English"
      toLang="Russian"
      size="93206"
      numWords="850"
/>
  <dict id="22"
      title="English-Serbian dictionary"
      uri="http://netcologne.dl.sourceforge.net/project/xdxf/dicts-stardict-form-xdxf/002c/stardict-comn_sdict05_eng_serb-2.4.2.tar.bz2"
      fromLang="English"
      toLang="Serbian"
      size="382612"
      numWords="27546"
/>
  <dict id="23"
      title="English-Spanish dictionary"
      uri="http://netcologne.dl.sourceforge.net/project/xdxf/dicts-stardict-form-xdxf/002c/stardict-comn_sdict05_eng-spa-2.4.2.tar.bz2"
      fromLang="English"
      toLang="Spanish; Castilian"
      size="179869"
      numWords="22527"
/>
  <dict id="24"
      title="Estonian-Russian dictionary"
      uri="http://netcologne.dl.sourceforge.net/project/xdxf/dicts-stardict-form-xdxf/002c/stardict-comn_sdict05_est-rus-2.4.2.tar.bz2"
      fromLang="Estonian"
      toLang="Russian"
      size="646064"
      numWords="63825"
/>
  <dict id="25"
      title="Suomen kielen perussanakirja (pieni versio)"
      uri="http://netcologne.dl.sourceforge.net/project/xdxf/dicts-stardict-form-xdxf/002c/stardict-comn_sdict05_fifi_norm-2.4.2.tar.bz2"
      fromLang="Finnish"
      toLang="Finnish"
      size="5231413"
      numWords="93488"
/>
  <dict id="26"
      title="Suomen kielen perussanakirja (suuri versio)"
      uri="http://netcologne.dl.sourceforge.net/project/xdxf/dicts-stardict-form-xdxf/002c/stardict-comn_sdict05_fifi_plus-2.4.2.tar.bz2"
      fromLang="Finnish"
      toLang="Finnish"
      size="7598913"
      numWords="695077"
/>
  <dict id="27"
      title="Finnish-English dictionary"
      uri="http://netcologne.dl.sourceforge.net/project/xdxf/dicts-stardict-form-xdxf/002c/stardict-comn_sdict05_fin_eng-2.4.2.tar.bz2"
      fromLang="Finnish"
      toLang="English"
      size="1046787"
      numWords="29180"
/>
  <dict id="28"
      title="Finnish-English dictionary"
      uri="http://netcologne.dl.sourceforge.net/project/xdxf/dicts-stardict-form-xdxf/002c/stardict-comn_sdict05_finnish-english-2.4.2.tar.bz2"
      fromLang="Finnish"
      toLang="English"
      size="28143"
      numWords="2063"
/>
  <dict id="29"
      title="French-English dictionary"
      uri="http://netcologne.dl.sourceforge.net/project/xdxf/dicts-stardict-form-xdxf/002c/stardict-comn_sdict05_french-english-2.4.2.tar.bz2"
      fromLang="French"
      toLang="English"
      size="309531"
      numWords="41398"
/>
  <dict id="30"
      title="French-Hungarian dictionary"
      uri="http://netcologne.dl.sourceforge.net/project/xdxf/dicts-stardict-form-xdxf/002c/stardict-comn_sdict05_fr_hung-2.4.2.tar.bz2"
      fromLang="French"
      toLang="Hungarian"
      size="63868"
      numWords="5473"
/>
  <dict id="31"
      title="German-English dictionary"
      uri="http://netcologne.dl.sourceforge.net/project/xdxf/dicts-stardict-form-xdxf/002c/stardict-comn_sdict05_ger_eng-2.4.2.tar.bz2"
      fromLang="German"
      toLang="English"
      size="1082764"
      numWords="96743"
/>
  <dict id="32"
      title="German-Hungarian dictionary"
      uri="http://netcologne.dl.sourceforge.net/project/xdxf/dicts-stardict-form-xdxf/002c/stardict-comn_sdict05_ger_hung-2.4.2.tar.bz2"
      fromLang="German"
      toLang="Hungarian"
      size="248805"
      numWords="22092"
/>
  <dict id="33"
      title="German-English dictionary"
      uri="http://netcologne.dl.sourceforge.net/project/xdxf/dicts-stardict-form-xdxf/002c/stardict-comn_sdict05_german_english-2.4.2.tar.bz2"
      fromLang="German"
      toLang="English"
      size="1223342"
      numWords="79276"
/>
  <dict id="34"
      title="German-English dictionary"
      uri="http://netcologne.dl.sourceforge.net/project/xdxf/dicts-stardict-form-xdxf/002c/stardict-comn_sdict05_german-english-2.4.2.tar.bz2"
      fromLang="German"
      toLang="English"
      size="1084267"
      numWords="96803"
/>
  <dict id="35"
      title="German-Russian dictionary (2)"
      uri="http://netcologne.dl.sourceforge.net/project/xdxf/dicts-stardict-form-xdxf/002c/stardict-comn_sdict05_german_rus2-2.4.2.tar.bz2"
      fromLang="German"
      toLang="Russian"
      size="3000116"
      numWords="94047"
/>
  <dict id="36"
      title="German-Russian dictionary"
      uri="http://netcologne.dl.sourceforge.net/project/xdxf/dicts-stardict-form-xdxf/002c/stardict-comn_sdict05_german_rus-2.4.2.tar.bz2"
      fromLang="German"
      toLang="Russian"
      size="156193"
      numWords="12802"
/>
  <dict id="37"
      title="Hungarian-English dictionary"
      uri="http://netcologne.dl.sourceforge.net/project/xdxf/dicts-stardict-form-xdxf/002c/stardict-comn_sdict05_hungarian-english-2.4.2.tar.bz2"
      fromLang="Hungarian"
      toLang="English"
      size="1636651"
      numWords="131568"
/>
  <dict id="38"
      title="Hungarian-English Expressions dictionary"
      uri="http://netcologne.dl.sourceforge.net/project/xdxf/dicts-stardict-form-xdxf/002c/stardict-comn_sdict05_hung_eng_expr-2.4.2.tar.bz2"
      fromLang="Hungarian"
      toLang="English"
      size="475820"
      numWords="28215"
/>
  <dict id="39"
      title="Engligh Idioms (eng-eng)"
      uri="http://netcologne.dl.sourceforge.net/project/xdxf/dicts-stardict-form-xdxf/002c/stardict-comn_sdict05_idioms_eng_eng-2.4.2.tar.bz2"
      fromLang="English"
      toLang="English"
      size="478224"
      numWords="8560"
/>
  <dict id="40"
      title="Engligh Idioms (eng-rus)"
      uri="http://netcologne.dl.sourceforge.net/project/xdxf/dicts-stardict-form-xdxf/002c/stardict-comn_sdict05_idioms_eng_rus-2.4.2.tar.bz2"
      fromLang="English"
      toLang="Russian"
      size="224735"
      numWords="9739"
/>
  <dict id="41"
      title="Italian-English dictionary"
      uri="http://netcologne.dl.sourceforge.net/project/xdxf/dicts-stardict-form-xdxf/002c/stardict-comn_sdict05_italian-english-2.4.2.tar.bz2"
      fromLang="Italian"
      toLang="English"
      size="143478"
      numWords="12156"
/>
  <dict id="42"
      title="Japanese(Kanji)-English dictionary"
      uri="http://netcologne.dl.sourceforge.net/project/xdxf/dicts-stardict-form-xdxf/002c/stardict-comn_sdict05_jap-eng-2.4.2.tar.bz2"
      fromLang="Japanese"
      toLang="English"
      size="1611654"
      numWords="108473"
/>
  <dict id="43"
      title="Latin-English dictionary"
      uri="http://netcologne.dl.sourceforge.net/project/xdxf/dicts-stardict-form-xdxf/002c/stardict-comn_sdict05_latin-english-2.4.2.tar.bz2"
      fromLang="Latin"
      toLang="English"
      size="64953"
      numWords="4453"
/>
  <dict id="44"
      title="Norwegian-English dictionary"
      uri="http://netcologne.dl.sourceforge.net/project/xdxf/dicts-stardict-form-xdxf/002c/stardict-comn_sdict05_norwegian-english-2.4.2.tar.bz2"
      fromLang="Norwegian"
      toLang="English"
      size="75538"
      numWords="8440"
/>
  <dict id="45"
      title="Portuguese-English dictionary"
      uri="http://netcologne.dl.sourceforge.net/project/xdxf/dicts-stardict-form-xdxf/002c/stardict-comn_sdict05_portuguese-english-2.4.2.tar.bz2"
      fromLang="Portuguese"
      toLang="English"
      size="56525"
      numWords="6106"
/>
  <dict id="46"
      title="Краткий религиозный словарь"
      uri="http://netcologne.dl.sourceforge.net/project/xdxf/dicts-stardict-form-xdxf/002c/stardict-comn_sdict05_ru_religious_sh-2.4.2.tar.bz2"
      fromLang="Russian"
      toLang="Russian"
      size="74663"
      numWords="944"
/>
  <dict id="47"
      title="Russian-Russian Big Encyclopaedic Dictionary"
      uri="http://netcologne.dl.sourceforge.net/project/xdxf/dicts-stardict-form-xdxf/002c/stardict-comn_sdict05_rus_bigencdic-2.4.2.tar.bz2"
      fromLang="Russian"
      toLang="Russian"
      size="8203269"
      numWords="70769"
/>
  <dict id="48"
      title="Большая Советская Энциклопедия"
      uri="http://netcologne.dl.sourceforge.net/project/xdxf/dicts-stardict-form-xdxf/002c/stardict-comn_sdict05_rus_bse-2.4.2.tar.bz2"
      fromLang="Russian"
      toLang="Russian"
      size="50983179"
      numWords="95279"
/>
  <dict id="49"
      title="Russian-English full dictionary"
      uri="http://netcologne.dl.sourceforge.net/project/xdxf/dicts-stardict-form-xdxf/002c/stardict-comn_sdict05_rus_eng_full-2.4.2.tar.bz2"
      fromLang="Russian"
      toLang="English"
      size="6407487"
      numWords="372553"
/>
  <dict id="50"
      title="Russian-English short dictionary"
      uri="http://netcologne.dl.sourceforge.net/project/xdxf/dicts-stardict-form-xdxf/002c/stardict-comn_sdict05_rus_eng_short-2.4.2.tar.bz2"
      fromLang="Russian"
      toLang="English"
      size="1639565"
      numWords="69117"
/>
  <dict id="51"
      title="Russian-German dictionary"
      uri="http://netcologne.dl.sourceforge.net/project/xdxf/dicts-stardict-form-xdxf/002c/stardict-comn_sdict05_rus_ger-2.4.2.tar.bz2"
      fromLang="Russian"
      toLang="German"
      size="1083934"
      numWords="32001"
/>
  <dict id="52"
      title="Краткий биографический словарь"
      uri="http://netcologne.dl.sourceforge.net/project/xdxf/dicts-stardict-form-xdxf/002c/stardict-comn_sdict05_ru_short_biogr-2.4.2.tar.bz2"
      fromLang="Russian"
      toLang="Russian"
      size="6654679"
      numWords="14823"
/>
  <dict id="53"
      title="Словарь синонимов русского языка"
      uri="http://netcologne.dl.sourceforge.net/project/xdxf/dicts-stardict-form-xdxf/002c/stardict-comn_sdict05_ru_synonym_sh-2.4.2.tar.bz2"
      fromLang="Russian"
      toLang="Russian"
      size="81149"
      numWords="5461"
/>
  <dict id="54"
      title="Spanish-English dictionary"
      uri="http://netcologne.dl.sourceforge.net/project/xdxf/dicts-stardict-form-xdxf/002c/stardict-comn_sdict05_spanish-english-2.4.2.tar.bz2"
      fromLang="Spanish; Castilian"
      toLang="English"
      size="235642"
      numWords="23670"
/>
  <dict id="55"
      title="Swahili-English dictionary"
      uri="http://netcologne.dl.sourceforge.net/project/xdxf/dicts-stardict-form-xdxf/002c/stardict-comn_sdict05_swahili-english-2.4.2.tar.bz2"
      fromLang="Swahili"
      toLang="English"
      size="10237"
      numWords="759"
/>
  <dict id="56"
      title="Swedish-English dictionary"
      uri="http://netcologne.dl.sourceforge.net/project/xdxf/dicts-stardict-form-xdxf/002c/stardict-comn_sdict05_swedish-english-2.4.2.tar.bz2"
      fromLang="Swedish"
      toLang="English"
      size="313354"
      numWords="30260"
/>
  <dict id="57"
      title="Basic Thai Language"
      uri="http://netcologne.dl.sourceforge.net/project/xdxf/dicts-stardict-form-xdxf/002d/stardict-comn_sdict_axm05_BASIC_Thai_Lang-2.4.2.tar.bz2"
      fromLang="English"
      toLang="Thai"
      size="3889"
      numWords="238"
/>
  <dict id="58"
      title="Белорусско-русский словарь"
      uri="http://netcologne.dl.sourceforge.net/project/xdxf/dicts-stardict-form-xdxf/002d/stardict-comn_sdict_axm05_BelRusVorvul-2.4.2.tar.bz2"
      fromLang="Belarusian"
      toLang="Russian"
      size="447323"
      numWords="52010"
/>
  <dict id="59"
      title="Holy Bible, Authorized (King James) Version"
      uri="http://netcologne.dl.sourceforge.net/project/xdxf/dicts-stardict-form-xdxf/002d/stardict-comn_sdict_axm05_bible_kjv-2.4.2.tar.bz2"
      fromLang="English"
      toLang="English"
      size="942900"
      numWords="31102"
/>
  <dict id="60"
      title="English-Bulgarian computer dictionary"
      uri="http://netcologne.dl.sourceforge.net/project/xdxf/dicts-stardict-form-xdxf/002d/stardict-comn_sdict_axm05_bulg_comp-2.4.2.tar.bz2"
      fromLang="English"
      toLang="Bulgarian"
      size="13756"
      numWords="523"
/>
  <dict id="61"
      title="Bulgarian Synonyms dictionary"
      uri="http://netcologne.dl.sourceforge.net/project/xdxf/dicts-stardict-form-xdxf/002d/stardict-comn_sdict_axm05_bulg_syn-2.4.2.tar.bz2"
      fromLang="Bulgarian"
      toLang="Bulgarian"
      size="684436"
      numWords="22889"
/>
  <dict id="62"
      title="Chinese-English dictionary"
      uri="http://netcologne.dl.sourceforge.net/project/xdxf/dicts-stardict-form-xdxf/002d/stardict-comn_sdict_axm05_chinese-eng-2.4.2.tar.bz2"
      fromLang="Chinese"
      toLang="English"
      size="466780"
      numWords="26617"
/>
  <dict id="63"
      title="Книга о вкусной и здоровой пище. Сиволап И.К. 1954 г."
      uri="http://netcologne.dl.sourceforge.net/project/xdxf/dicts-stardict-form-xdxf/002d/stardict-comn_sdict_axm05_cook_book-2.4.2.tar.bz2"
      fromLang="Russian"
      toLang="Russian"
      size="242721"
      numWords="1260"
/>
  <dict id="64"
      title="Czech-Russian dictionary"
      uri="http://netcologne.dl.sourceforge.net/project/xdxf/dicts-stardict-form-xdxf/002d/stardict-comn_sdict_axm05_czech-rus-2.4.2.tar.bz2"
      fromLang="Czech"
      toLang="Russian"
      size="85276"
      numWords="9656"
/>
  <dict id="65"
      title="English-Arabic dictionary"
      uri="http://netcologne.dl.sourceforge.net/project/xdxf/dicts-stardict-form-xdxf/002d/stardict-comn_sdict_axm05_eng_arabic-2.4.2.tar.bz2"
      fromLang="English"
      toLang="Arabic"
      size="606996"
      numWords="87423"
/>
  <dict id="66"
      title="English explanatory dictionary (main)"
      uri="http://netcologne.dl.sourceforge.net/project/xdxf/dicts-stardict-form-xdxf/002d/stardict-comn_sdict_axm05_eng_eng_main-2.4.2.tar.bz2"
      fromLang="English"
      toLang="English"
      size="3001187"
      numWords="45897"
/>
  <dict id="67"
      title="English explanatory dictionary (new words)"
      uri="http://netcologne.dl.sourceforge.net/project/xdxf/dicts-stardict-form-xdxf/002d/stardict-comn_sdict_axm05_eng_eng_nw-2.4.2.tar.bz2"
      fromLang="English"
      toLang="English"
      size="318472"
      numWords="1159"
/>
  <dict id="68"
      title="English explanatory dictionary (synonyms)"
      uri="http://netcologne.dl.sourceforge.net/project/xdxf/dicts-stardict-form-xdxf/002d/stardict-comn_sdict_axm05_eng_eng_syn-2.4.2.tar.bz2"
      fromLang="English"
      toLang="English"
      size="1336362"
      numWords="9142"
/>
  <dict id="69"
      title="English-Finnish dictionary"
      uri="http://netcologne.dl.sourceforge.net/project/xdxf/dicts-stardict-form-xdxf/002d/stardict-comn_sdict_axm05_eng_fin-2.4.2.tar.bz2"
      fromLang="English"
      toLang="Finnish"
      size="185042"
      numWords="17851"
/>
  <dict id="70"
      title="English-Hungarian dictionary"
      uri="http://netcologne.dl.sourceforge.net/project/xdxf/dicts-stardict-form-xdxf/002d/stardict-comn_sdict_axm05_eng-hung-2.4.2.tar.bz2"
      fromLang="English"
      toLang="Hungarian"
      size="1133799"
      numWords="67262"
/>
  <dict id="71"
      title="English-German dictionary"
      uri="http://netcologne.dl.sourceforge.net/project/xdxf/dicts-stardict-form-xdxf/002d/stardict-comn_sdict_axm05_English_German-2.4.2.tar.bz2"
      fromLang="English"
      toLang="German"
      size="1327377"
      numWords="128707"
/>
  <dict id="72"
      title="English-Ukrainian dictionary"
      uri="http://netcologne.dl.sourceforge.net/project/xdxf/dicts-stardict-form-xdxf/002d/stardict-comn_sdict_axm05_English_Ukrainian-2.4.2.tar.bz2"
      fromLang="English"
      toLang="Ukrainian"
      size="576728"
      numWords="63287"
/>
  <dict id="73"
      title="English-Russian business dictionary"
      uri="http://netcologne.dl.sourceforge.net/project/xdxf/dicts-stardict-form-xdxf/002d/stardict-comn_sdict_axm05_eng_rus_bus-2.4.2.tar.bz2"
      fromLang="English"
      toLang="Russian"
      size="254148"
      numWords="12673"
/>
  <dict id="74"
      title="English-Russian computer dictionary"
      uri="http://netcologne.dl.sourceforge.net/project/xdxf/dicts-stardict-form-xdxf/002d/stardict-comn_sdict_axm05_eng_rus_comp-2.4.2.tar.bz2"
      fromLang="English"
      toLang="Russian"
      size="300567"
      numWords="13163"
/>
  <dict id="75"
      title="English-Russian economic dictionary"
      uri="http://netcologne.dl.sourceforge.net/project/xdxf/dicts-stardict-form-xdxf/002d/stardict-comn_sdict_axm05_eng_rus_eco-2.4.2.tar.bz2"
      fromLang="English"
      toLang="Russian"
      size="244985"
      numWords="14436"
/>
  <dict id="76"
      title="English-Russian short dictionary"
      uri="http://netcologne.dl.sourceforge.net/project/xdxf/dicts-stardict-form-xdxf/002d/stardict-comn_sdict_axm05_eng_rus_short-2.4.2.tar.bz2"
      fromLang="English"
      toLang="Russian"
      size="3189921"
      numWords="46650"
/>
  <dict id="77"
      title="English-Russian slang dictionary"
      uri="http://netcologne.dl.sourceforge.net/project/xdxf/dicts-stardict-form-xdxf/002d/stardict-comn_sdict_axm05_eng_rus_slang-2.4.2.tar.bz2"
      fromLang="English"
      toLang="Russian"
      size="92917"
      numWords="850"
/>
  <dict id="78"
      title="English-Serbian dictionary"
      uri="http://netcologne.dl.sourceforge.net/project/xdxf/dicts-stardict-form-xdxf/002d/stardict-comn_sdict_axm05_eng_serb-2.4.2.tar.bz2"
      fromLang="English"
      toLang="Serbian"
      size="382615"
      numWords="27546"
/>
  <dict id="79"
      title="English-Spanish dictionary"
      uri="http://netcologne.dl.sourceforge.net/project/xdxf/dicts-stardict-form-xdxf/002d/stardict-comn_sdict_axm05_eng-spa-2.4.2.tar.bz2"
      fromLang="English"
      toLang="Spanish; Castilian"
      size="179429"
      numWords="22527"
/>
  <dict id="80"
      title="Esperanto-Russian dictionary"
      uri="http://netcologne.dl.sourceforge.net/project/xdxf/dicts-stardict-form-xdxf/002d/stardict-comn_sdict_axm05_Esperanto-Russian-2.4.2.tar.bz2"
      fromLang="Esperanto"
      toLang="Russian"
      size="12953"
      numWords="1380"
/>
  <dict id="81"
      title="Estonian-Russian dictionary"
      uri="http://netcologne.dl.sourceforge.net/project/xdxf/dicts-stardict-form-xdxf/002d/stardict-comn_sdict_axm05_est-rus-2.4.2.tar.bz2"
      fromLang="Estonian"
      toLang="Russian"
      size="645450"
      numWords="63825"
/>
  <dict id="82"
      title="Suomen kielen perussanakirja (pieni versio)"
      uri="http://netcologne.dl.sourceforge.net/project/xdxf/dicts-stardict-form-xdxf/002d/stardict-comn_sdict_axm05_fifi_norm-2.4.2.tar.bz2"
      fromLang="Finnish"
      toLang="Finnish"
      size="5230804"
      numWords="93488"
/>
  <dict id="83"
      title="Suomen kielen perussanakirja (suuri versio)"
      uri="http://netcologne.dl.sourceforge.net/project/xdxf/dicts-stardict-form-xdxf/002d/stardict-comn_sdict_axm05_fifi_plus-2.4.2.tar.bz2"
      fromLang="Finnish"
      toLang="Finnish"
      size="7599610"
      numWords="695077"
/>
  <dict id="84"
      title="Finnish-English dictionary"
      uri="http://netcologne.dl.sourceforge.net/project/xdxf/dicts-stardict-form-xdxf/002d/stardict-comn_sdict_axm05_fin_eng-2.4.2.tar.bz2"
      fromLang="Finnish"
      toLang="English"
      size="1047308"
      numWords="29180"
/>
  <dict id="85"
      title="French-Hungarian dictionary"
      uri="http://netcologne.dl.sourceforge.net/project/xdxf/dicts-stardict-form-xdxf/002d/stardict-comn_sdict_axm05_fr_hung-2.4.2.tar.bz2"
      fromLang="French"
      toLang="Hungarian"
      size="63574"
      numWords="5473"
/>
  <dict id="86"
      title="German-English dictionary"
      uri="http://netcologne.dl.sourceforge.net/project/xdxf/dicts-stardict-form-xdxf/002d/stardict-comn_sdict_axm05_ger_eng-2.4.2.tar.bz2"
      fromLang="German"
      toLang="English"
      size="1083362"
      numWords="96743"
/>
  <dict id="87"
      title="German-Hungarian dictionary"
      uri="http://netcologne.dl.sourceforge.net/project/xdxf/dicts-stardict-form-xdxf/002d/stardict-comn_sdict_axm05_ger_hung-2.4.2.tar.bz2"
      fromLang="German"
      toLang="Hungarian"
      size="248062"
      numWords="22092"
/>
  <dict id="88"
      title="German-English dictionary"
      uri="http://netcologne.dl.sourceforge.net/project/xdxf/dicts-stardict-form-xdxf/002d/stardict-comn_sdict_axm05_german_english-2.4.2.tar.bz2"
      fromLang="German"
      toLang="English"
      size="1222576"
      numWords="79276"
/>
  <dict id="89"
      title="German-Russian dictionary (2)"
      uri="http://netcologne.dl.sourceforge.net/project/xdxf/dicts-stardict-form-xdxf/002d/stardict-comn_sdict_axm05_german_rus2-2.4.2.tar.bz2"
      fromLang="German"
      toLang="Russian"
      size="3000824"
      numWords="94047"
/>
  <dict id="90"
      title="German-Russian dictionary"
      uri="http://netcologne.dl.sourceforge.net/project/xdxf/dicts-stardict-form-xdxf/002d/stardict-comn_sdict_axm05_german_rus-2.4.2.tar.bz2"
      fromLang="German"
      toLang="Russian"
      size="156578"
      numWords="12802"
/>
  <dict id="91"
      title="Hungarian-English Expressions dictionary"
      uri="http://netcologne.dl.sourceforge.net/project/xdxf/dicts-stardict-form-xdxf/002d/stardict-comn_sdict_axm05_hung_eng_expr-2.4.2.tar.bz2"
      fromLang="Hungarian"
      toLang="English"
      size="476058"
      numWords="28215"
/>
  <dict id="92"
      title="Engligh Idioms (eng-eng)"
      uri="http://netcologne.dl.sourceforge.net/project/xdxf/dicts-stardict-form-xdxf/002d/stardict-comn_sdict_axm05_idioms_eng_eng-2.4.2.tar.bz2"
      fromLang="English"
      toLang="English"
      size="478092"
      numWords="8560"
/>
  <dict id="93"
      title="Engligh Idioms (eng-rus)"
      uri="http://netcologne.dl.sourceforge.net/project/xdxf/dicts-stardict-form-xdxf/002d/stardict-comn_sdict_axm05_idioms_eng_rus-2.4.2.tar.bz2"
      fromLang="English"
      toLang="Russian"
      size="225968"
      numWords="9739"
/>
  <dict id="94"
      title="Japanese(Kanji)-English dictionary"
      uri="http://netcologne.dl.sourceforge.net/project/xdxf/dicts-stardict-form-xdxf/002d/stardict-comn_sdict_axm05_jap-eng-2.4.2.tar.bz2"
      fromLang="Japanese"
      toLang="English"
      size="1612069"
      numWords="108473"
/>
  <dict id="95"
      title="Латинские выражения"
      uri="http://netcologne.dl.sourceforge.net/project/xdxf/dicts-stardict-form-xdxf/002d/stardict-comn_sdict_axm05_latin_expressions-2.4.2.tar.bz2"
      fromLang="Latin"
      toLang="Russian"
      size="12915"
      numWords="535"
/>
  <dict id="96"
      title="Mueller English-Russian Dictionary (24th Edition)"
      uri="http://netcologne.dl.sourceforge.net/project/xdxf/dicts-stardict-form-xdxf/002d/stardict-comn_sdict_axm05_mueller24-2.4.2.tar.bz2"
      fromLang="English"
      toLang="Russian"
      size="2319965"
      numWords="67066"
/>
  <dict id="97"
      title="Населённые пункты и индексы России"
      uri="http://netcologne.dl.sourceforge.net/project/xdxf/dicts-stardict-form-xdxf/002d/stardict-comn_sdict_axm05_nas_punkt-2.4.2.tar.bz2"
      fromLang="Russian"
      toLang="Russian"
      size="680149"
      numWords="86322"
/>
  <dict id="98"
      title="Русско-Белорусский физико-математический словарь"
      uri="http://netcologne.dl.sourceforge.net/project/xdxf/dicts-stardict-form-xdxf/002d/stardict-comn_sdict_axm05_RusBelFizmat-2.4.2.tar.bz2"
      fromLang="Russian"
      toLang="Belarusian"
      size="209975"
      numWords="18496"
/>
  <dict id="99"
      title="Русско-Белорусский математический словарь"
      uri="http://netcologne.dl.sourceforge.net/project/xdxf/dicts-stardict-form-xdxf/002d/stardict-comn_sdict_axm05_RusBelMath-2.4.2.tar.bz2"
      fromLang="Russian"
      toLang="Belarusian"
      size="25442"
      numWords="2366"
/>
  <dict id="100"
      title="Русско-Белорусский универсальный словарь"
      uri="http://netcologne.dl.sourceforge.net/project/xdxf/dicts-stardict-form-xdxf/002d/stardict-comn_sdict_axm05_RusBelUniversal-2.4.2.tar.bz2"
      fromLang="Russian"
      toLang="Belarusian"
      size="1519213"
      numWords="106449"
/>
  <dict id="101"
      title="Большой Юридический словарь"
      uri="http://netcologne.dl.sourceforge.net/project/xdxf/dicts-stardict-form-xdxf/002d/stardict-comn_sdict_axm05_rus_big_jurid-2.4.2.tar.bz2"
      fromLang="Russian"
      toLang="Russian"
      size="692910"
      numWords="6800"
/>
  <dict id="102"
      title="Russian-English short dictionary"
      uri="http://netcologne.dl.sourceforge.net/project/xdxf/dicts-stardict-form-xdxf/002d/stardict-comn_sdict_axm05_rus_eng_short-2.4.2.tar.bz2"
      fromLang="Russian"
      toLang="English"
      size="1639930"
      numWords="69117"
/>
  <dict id="103"
      title="Russian-German dictionary"
      uri="http://netcologne.dl.sourceforge.net/project/xdxf/dicts-stardict-form-xdxf/002d/stardict-comn_sdict_axm05_rus_ger-2.4.2.tar.bz2"
      fromLang="Russian"
      toLang="German"
      size="1084243"
      numWords="32001"
/>
  <dict id="104"
      title="Мысли и фразы"
      uri="http://netcologne.dl.sourceforge.net/project/xdxf/dicts-stardict-form-xdxf/002d/stardict-comn_sdict_axm05_rus_phrases-2.4.2.tar.bz2"
      fromLang="Russian"
      toLang="Russian"
      size="27337"
      numWords="739"
/>
  <dict id="105"
      title="Русско-Болгарский разговорник"
      uri="http://netcologne.dl.sourceforge.net/project/xdxf/dicts-stardict-form-xdxf/002d/stardict-comn_sdict_axm05_Russian-Bulgarian_Phrase_book-2.4.2.tar.bz2"
      fromLang="Russian"
      toLang="Bulgarian"
      size="4185"
      numWords="210"
/>
  <dict id="106"
      title="Русско-Хорватский разговорник"
      uri="http://netcologne.dl.sourceforge.net/project/xdxf/dicts-stardict-form-xdxf/002d/stardict-comn_sdict_axm05_Russian-Croatian_Phrase_book-2.4.2.tar.bz2"
      fromLang="Russian"
      toLang="Croatian"
      size="4092"
      numWords="211"
/>
  <dict id="107"
      title="Русско-Чешский разговорник"
      uri="http://netcologne.dl.sourceforge.net/project/xdxf/dicts-stardict-form-xdxf/002d/stardict-comn_sdict_axm05_Russian-Czech_Phrase_book-2.4.2.tar.bz2"
      fromLang="Russian"
      toLang="Czech"
      size="3624"
      numWords="211"
/>
  <dict id="108"
      title="Русско-Эстонский разговорник"
      uri="http://netcologne.dl.sourceforge.net/project/xdxf/dicts-stardict-form-xdxf/002d/stardict-comn_sdict_axm05_Russian-Estonian_Phrase_book-2.4.2.tar.bz2"
      fromLang="Russian"
      toLang="Estonian"
      size="3726"
      numWords="211"
/>
  <dict id="109"
      title="Русско-Финский разговорник"
      uri="http://netcologne.dl.sourceforge.net/project/xdxf/dicts-stardict-form-xdxf/002d/stardict-comn_sdict_axm05_Russian-Finnish_Phrase_book-2.4.2.tar.bz2"
      fromLang="Russian"
      toLang="Finnish"
      size="3963"
      numWords="211"
/>
  <dict id="110"
      title="Русско-Французский разговорник"
      uri="http://netcologne.dl.sourceforge.net/project/xdxf/dicts-stardict-form-xdxf/002d/stardict-comn_sdict_axm05_Russian-French_Phrase_book-2.4.2.tar.bz2"
      fromLang="Russian"
      toLang="French"
      size="4518"
      numWords="211"
/>
  <dict id="111"
      title="Русско-Немецкий разговорник"
      uri="http://netcologne.dl.sourceforge.net/project/xdxf/dicts-stardict-form-xdxf/002d/stardict-comn_sdict_axm05_Russian-German_Phrase_book-2.4.2.tar.bz2"
      fromLang="Russian"
      toLang="German"
      size="4369"
      numWords="210"
/>
  <dict id="112"
      title="Русско-Греческий разговорник"
      uri="http://netcologne.dl.sourceforge.net/project/xdxf/dicts-stardict-form-xdxf/002d/stardict-comn_sdict_axm05_Russian-Greek_Phrase_book-2.4.2.tar.bz2"
      fromLang="Russian"
      toLang="Greek Modern (1453-)"
      size="4062"
      numWords="211"
/>
  <dict id="113"
      title="Русско-Венгерский разговорник"
      uri="http://netcologne.dl.sourceforge.net/project/xdxf/dicts-stardict-form-xdxf/002d/stardict-comn_sdict_axm05_Russian-Hungarian_Phrase_book-2.4.2.tar.bz2"
      fromLang="Russian"
      toLang="Hungarian"
      size="3908"
      numWords="211"
/>
  <dict id="114"
      title="Русско-Индонезийский разговорник"
      uri="http://netcologne.dl.sourceforge.net/project/xdxf/dicts-stardict-form-xdxf/002d/stardict-comn_sdict_axm05_Russian-Indonesian_Phrase_book-2.4.2.tar.bz2"
      fromLang="Russian"
      toLang="Indonesian"
      size="3265"
      numWords="211"
/>
  <dict id="115"
      title="Русско-Итальянский разговорник"
      uri="http://netcologne.dl.sourceforge.net/project/xdxf/dicts-stardict-form-xdxf/002d/stardict-comn_sdict_axm05_Russian-Italian_Phrase_book-2.4.2.tar.bz2"
      fromLang="Russian"
      toLang="Italian"
      size="4229"
      numWords="211"
/>
  <dict id="116"
      title="Русско-Латвийский разговорник"
      uri="http://netcologne.dl.sourceforge.net/project/xdxf/dicts-stardict-form-xdxf/002d/stardict-comn_sdict_axm05_Russian-Latvian_Phrase_book-2.4.2.tar.bz2"
      fromLang="Russian"
      toLang="Latvian"
      size="4092"
      numWords="211"
/>
  <dict id="117"
      title="Русско-Литовский разговорник"
      uri="http://netcologne.dl.sourceforge.net/project/xdxf/dicts-stardict-form-xdxf/002d/stardict-comn_sdict_axm05_Russian-Lithuanian_Phrase_book-2.4.2.tar.bz2"
      fromLang="Russian"
      toLang="Lithuanian"
      size="4224"
      numWords="211"
/>
  <dict id="118"
      title="Русско-Малазийский разговорник"
      uri="http://netcologne.dl.sourceforge.net/project/xdxf/dicts-stardict-form-xdxf/002d/stardict-comn_sdict_axm05_Russian-Malay_Phrase_book-2.4.2.tar.bz2"
      fromLang="Russian"
      toLang="Malay"
      size="4074"
      numWords="211"
/>
  <dict id="119"
      title="Русско-Польский разговорник"
      uri="http://netcologne.dl.sourceforge.net/project/xdxf/dicts-stardict-form-xdxf/002d/stardict-comn_sdict_axm05_Russian-Polish_Phrase_book-2.4.2.tar.bz2"
      fromLang="Russian"
      toLang="Polish"
      size="4351"
      numWords="211"
/>
  <dict id="120"
      title="Русско-Португальский разговорник"
      uri="http://netcologne.dl.sourceforge.net/project/xdxf/dicts-stardict-form-xdxf/002d/stardict-comn_sdict_axm05_Russian-Portuguese_Phrase_book-2.4.2.tar.bz2"
      fromLang="Russian"
      toLang="Portuguese"
      size="4206"
      numWords="211"
/>
  <dict id="121"
      title="Русско-Испанский разговорник"
      uri="http://netcologne.dl.sourceforge.net/project/xdxf/dicts-stardict-form-xdxf/002d/stardict-comn_sdict_axm05_Russian-Spanish_Phrase_book-2.4.2.tar.bz2"
      fromLang="Russian"
      toLang="Spanish; Castilian"
      size="4239"
      numWords="211"
/>
  <dict id="122"
      title="Русско-Шведский разговорник"
      uri="http://netcologne.dl.sourceforge.net/project/xdxf/dicts-stardict-form-xdxf/002d/stardict-comn_sdict_axm05_Russian-Swedish_Phrase_book-2.4.2.tar.bz2"
      fromLang="Russian"
      toLang="Swedish"
      size="3305"
      numWords="211"
/>
  <dict id="123"
      title="Русско-Тайский разговорник"
      uri="http://netcologne.dl.sourceforge.net/project/xdxf/dicts-stardict-form-xdxf/002d/stardict-comn_sdict_axm05_Russian-Thai_Phrase_book-2.4.2.tar.bz2"
      fromLang="Russian"
      toLang="Thai"
      size="4221"
      numWords="210"
/>
  <dict id="124"
      title="Русско-Турецкий разговорник"
      uri="http://netcologne.dl.sourceforge.net/project/xdxf/dicts-stardict-form-xdxf/002d/stardict-comn_sdict_axm05_Russian-Turkish_Phrase_book-2.4.2.tar.bz2"
      fromLang="Russian"
      toLang="Turkish"
      size="4058"
      numWords="211"
/>
  <dict id="125"
      title="Русско-Украинский разговорник"
      uri="http://netcologne.dl.sourceforge.net/project/xdxf/dicts-stardict-form-xdxf/002d/stardict-comn_sdict_axm05_Russian-Ukraine_Phrase_book-2.4.2.tar.bz2"
      fromLang="Russian"
      toLang="Ukrainian"
      size="4235"
      numWords="211"
/>
  <dict id="126"
      title="Swahili-English dictionary"
      uri="http://netcologne.dl.sourceforge.net/project/xdxf/dicts-stardict-form-xdxf/002d/stardict-comn_sdict_axm05_Swahili_English-2.4.2.tar.bz2"
      fromLang="Swahili"
      toLang="English"
      size="10418"
      numWords="759"
/>
  <dict id="127"
      title="Ukrainian-English dictionary"
      uri="http://netcologne.dl.sourceforge.net/project/xdxf/dicts-stardict-form-xdxf/002d/stardict-comn_sdict_axm05_Ukrainian_English-2.4.2.tar.bz2"
      fromLang="Ukrainian"
      toLang="English"
      size="833651"
      numWords="138054"
/>
  <dict id="128"
      title="Webster's 1913 Dictionary"
      uri="http://netcologne.dl.sourceforge.net/project/xdxf/dicts-stardict-form-xdxf/002d/stardict-comn_sdict_axm05_webster_1913-2.4.2.tar.bz2"
      fromLang="English"
      toLang="English"
      size="4074004"
      numWords="182699"
/>
  <dict id="129"
      title="CyberLexicon(En-Es)"
      uri="http://netcologne.dl.sourceforge.net/project/xdxf/dicts-stardict-form-xdxf/002b/stardict-comn_dls03_cyber_lexicon_en-es-2.4.2.tar.bz2"
      fromLang="English"
      toLang="Spanish; Castilian"
      size="16356"
      numWords="861"
/>
  <dict id="130"
      title="eng-rus_computer"
      uri="http://netcologne.dl.sourceforge.net/project/xdxf/dicts-stardict-form-xdxf/001/stardict-atla02_eng-rus_computer-2.4.2.tar.bz2"
      fromLang="English"
      toLang="Russian"
      size="163468"
      numWords="5152"
/>
  <dict id="131"
      title="eng-rus_math_alexandrov"
      uri="http://netcologne.dl.sourceforge.net/project/xdxf/dicts-stardict-form-xdxf/001/stardict-atla02_eng-rus_math_alexandrov-2.4.2.tar.bz2"
      fromLang="English"
      toLang="Russian"
      size="211958"
      numWords="6915"
/>
  <dict id="132"
      title="eng-rus_math-alexandrov"
      uri="http://netcologne.dl.sourceforge.net/project/xdxf/dicts-stardict-form-xdxf/001/stardict-atla02_eng-rus_math-alexandrov-2.4.2.tar.bz2"
      fromLang="English"
      toLang="Russian"
      size="28255"
      numWords="2090"
/>
  <dict id="133"
      title="eng-transcr_0107"
      uri="http://netcologne.dl.sourceforge.net/project/xdxf/dicts-stardict-form-xdxf/001/stardict-atla02_eng-transcr_0107-2.4.2.tar.bz2"
      fromLang="English"
      toLang="English"
      size="350319"
      numWords="45888"
/>
  <dict id="134"
      title="rus-eng_korolew"
      uri="http://netcologne.dl.sourceforge.net/project/xdxf/dicts-stardict-form-xdxf/001/stardict-atla02_rus-eng_korolew-2.4.2.tar.bz2"
      fromLang="Russian"
      toLang="English"
      size="1340631"
      numWords="32366"
/>
  <dict id="135"
      title="rus-rus_beslov"
      uri="http://netcologne.dl.sourceforge.net/project/xdxf/dicts-stardict-form-xdxf/001/stardict-atla02_rus-rus_beslov-2.4.2.tar.bz2"
      fromLang="Russian"
      toLang="Russian"
      size="7955725"
      numWords="65372"
/>
  <dict id="136"
      title="rus-rus_brok_efr"
      uri="http://netcologne.dl.sourceforge.net/project/xdxf/dicts-stardict-form-xdxf/001/stardict-atla02_rus-rus_brok_efr-2.4.2.tar.bz2"
      fromLang="Russian"
      toLang="Russian"
      size="8923532"
      numWords="4893"
/>
  <dict id="137"
      title="rus-rus_dalf"
      uri="http://netcologne.dl.sourceforge.net/project/xdxf/dicts-stardict-form-xdxf/001/stardict-atla02_rus-rus_dalf-2.4.2.tar.bz2"
      fromLang="Russian"
      toLang="Russian"
      size="6574923"
      numWords="43997"
/>
  <dict id="138"
      title="rus-rus_medical"
      uri="http://netcologne.dl.sourceforge.net/project/xdxf/dicts-stardict-form-xdxf/001/stardict-atla02_rus-rus_medical-2.4.2.tar.bz2"
      fromLang="Russian"
      toLang="Russian"
      size="1696793"
      numWords="1196"
/>
  <dict id="139"
      title="rus-rus_ozhegov"
      uri="http://netcologne.dl.sourceforge.net/project/xdxf/dicts-stardict-form-xdxf/001/stardict-atla02_rus-rus_ozhegov-2.4.2.tar.bz2"
      fromLang="Russian"
      toLang="Russian"
      size="1014714"
      numWords="14011"
/>
  <dict id="140"
      title="rus-rus_ozhshv"
      uri="http://netcologne.dl.sourceforge.net/project/xdxf/dicts-stardict-form-xdxf/001/stardict-atla02_rus-rus_ozhshv-2.4.2.tar.bz2"
      fromLang="Russian"
      toLang="Russian"
      size="2530935"
      numWords="38845"
/>
  <dict id="141"
      title="rus-rus_ushakov"
      uri="http://netcologne.dl.sourceforge.net/project/xdxf/dicts-stardict-form-xdxf/001/stardict-atla02_rus-rus_ushakov-2.4.2.tar.bz2"
      fromLang="Russian"
      toLang="Russian"
      size="4753021"
      numWords="81573"
/>
  <dict id="142"
      title="rus-ukr_slovnyk"
      uri="http://netcologne.dl.sourceforge.net/project/xdxf/dicts-stardict-form-xdxf/001/stardict-atla02_rus-ukr_slovnyk-2.4.2.tar.bz2"
      fromLang="Russian"
      toLang="Ukrainian"
      size="4924648"
      numWords="458787"
/>
  <dict id="143"
      title="ukr-rus_slovnyk"
      uri="http://netcologne.dl.sourceforge.net/project/xdxf/dicts-stardict-form-xdxf/001/stardict-atla02_ukr-rus_slovnyk-2.4.2.tar.bz2"
      fromLang="Ukrainian"
      toLang="Ukrainian"
      size="4872403"
      numWords="440077"
/>
  <dict id="144"
      title="Lingvo GSM E (En-Ru)"
      uri="http://netcologne.dl.sourceforge.net/project/xdxf/dicts-stardict-form-xdxf/002b/stardict-comn_dls03_lingvo_gsm_formatted_en-ru-2.4.2.tar.bz2"
      fromLang="English"
      toLang="Russian"
      size="156209"
      numWords="3996"
/>
  <dict id="145"
      title="Mech"
      uri="http://netcologne.dl.sourceforge.net/project/xdxf/dicts-stardict-form-xdxf/002b/stardict-comn_dls03_mech-2.4.2.tar.bz2"
      fromLang="Russian"
      toLang="English"
      size="70571"
      numWords="1271"
/>
  <dict id="146"
      title="Merriam-Webster's Collegiate"
      uri="http://netcologne.dl.sourceforge.net/project/xdxf/dicts-stardict-form-xdxf/002b/stardict-comn_dls03_mwc-2.4.2.tar.bz2"
      fromLang="English"
      toLang="English"
      size="5680274"
      numWords="119769"
/>
  <dict id="147"
      title="Oxford (En)"
      uri="http://netcologne.dl.sourceforge.net/project/xdxf/dicts-stardict-form-xdxf/002b/stardict-comn_dls03_oxford-2.4.2.tar.bz2"
      fromLang="English"
      toLang="English"
      size="2902606"
      numWords="43808"
/>
  <dict id="148"
      title="Security (En-Ru)"
      uri="http://netcologne.dl.sourceforge.net/project/xdxf/dicts-stardict-form-xdxf/002b/stardict-comn_dls03_Security_v8-2.4.2.tar.bz2"
      fromLang="English"
      toLang="Russian"
      size="127701"
      numWords="2216"
/>
  <dict id="149"
      title="Soule's Dictionary of Synonyms"
      uri="http://netcologne.dl.sourceforge.net/project/xdxf/dicts-stardict-form-xdxf/002b/stardict-comn_dls03_soule-2.4.2.tar.bz2"
      fromLang="English"
      toLang="English"
      size="802647"
      numWords="23562"
/>
  <dict id="150"
      title="Tradeport Business Glossary (En)"
      uri="http://netcologne.dl.sourceforge.net/project/xdxf/dicts-stardict-form-xdxf/002b/stardict-comn_dls03_tradeport_gloss_en-en-2.4.2.tar.bz2"
      fromLang="English"
      toLang="English"
      size="137153"
      numWords="2947"
/>
  <dict id="151"
      title="Computer Security (En-Ru)"
      uri="http://netcologne.dl.sourceforge.net/project/xdxf/dicts-stardict-form-xdxf/002b/stardict-comn_dls03_xn_secvoc_formatted_en-ru-2.4.2.tar.bz2"
      fromLang="English"
      toLang="Russian"
      size="239098"
      numWords="13556"
/>
  <dict id="152"
      title="Sociology (En-Ru)"
      uri="http://netcologne.dl.sourceforge.net/project/xdxf/dicts-stardict-form-xdxf/002b/stardict-comn_dls03_xn_sociology_en-ru-2.4.2.tar.bz2"
      fromLang="English"
      toLang="Russian"
      size="462024"
      numWords="14632"
/>
  <dict id="153"
      title="Construction Dictionary (En-Ru)"
      uri="http://netcologne.dl.sourceforge.net/project/xdxf/dicts-stardict-form-xdxf/002b/stardict-comn_dls03_xn_stroika_en-ru-2.4.2.tar.bz2"
      fromLang="English"
      toLang="Russian"
      size="813725"
      numWords="36924"
/>
  <dict id="154"
      title="1000+ biography"
      uri="http://netcologne.dl.sourceforge.net/project/xdxf/dicts-stardict-form-xdxf/002a/stardict-comn_dictd04_1000pbio-2.4.2.tar.bz2"
      fromLang="Russian"
      toLang="Russian"
      size="225275"
      numWords="1022"
/>
  <dict id="155"
      title="Термины книги «Критика исторического опыта» А.С.Ахиезера"
      uri="http://netcologne.dl.sourceforge.net/project/xdxf/dicts-stardict-form-xdxf/002a/stardict-comn_dictd04_ahiezer-2.4.2.tar.bz2"
      fromLang="Russian"
      toLang="Russian"
      size="249550"
      numWords="281"
/>
  <dict id="156"
      title="Russian abbreviations for aviation"
      uri="http://netcologne.dl.sourceforge.net/project/xdxf/dicts-stardict-form-xdxf/002a/stardict-comn_dictd04_aviation-2.4.2.tar.bz2"
      fromLang="English"
      toLang="Russian"
      size="12418"
      numWords="479"
/>
  <dict id="157"
      title="Большой Энциклопедический Словарь"
      uri="http://netcologne.dl.sourceforge.net/project/xdxf/dicts-stardict-form-xdxf/002a/stardict-comn_dictd04_beslov-2.4.2.tar.bz2"
      fromLang="Russian"
      toLang="Russian"
      size="8696321"
      numWords="74419"
/>
  <dict id="158"
      title="biology"
      uri="http://netcologne.dl.sourceforge.net/project/xdxf/dicts-stardict-form-xdxf/002a/stardict-comn_dictd04_biology-2.4.2.tar.bz2"
      fromLang="Russian"
      toLang="English"
      size="75218"
      numWords="3754"
/>
  <dict id="159"
      title="Энциклопедический словарь Брокгауза и Ефрона"
      uri="http://netcologne.dl.sourceforge.net/project/xdxf/dicts-stardict-form-xdxf/002a/stardict-comn_dictd04_brok_and_efr-2.4.2.tar.bz2"
      fromLang="Russian"
      toLang="Russian"
      size="9154247"
      numWords="5044"
/>
  <dict id="160"
      title="Словарь церковных терминов"
      uri="http://netcologne.dl.sourceforge.net/project/xdxf/dicts-stardict-form-xdxf/002a/stardict-comn_dictd04_church-2.4.2.tar.bz2"
      fromLang="Russian"
      toLang="Russian"
      size="53135"
      numWords="340"
/>
  <dict id="161"
      title="CIA World Factbook 2002"
      uri="http://netcologne.dl.sourceforge.net/project/xdxf/dicts-stardict-form-xdxf/002a/stardict-comn_dictd04_cia2002-2.4.2.tar.bz2"
      fromLang="English"
      toLang="English"
      size="731472"
      numWords="269"
/>
  <dict id="162"
      title="English-Belarusian Computer Dictionary"
      uri="http://netcologne.dl.sourceforge.net/project/xdxf/dicts-stardict-form-xdxf/002a/stardict-comn_dictd04_compbe-2.4.2.tar.bz2"
      fromLang="English"
      toLang="Belarusian"
      size="4178"
      numWords="93"
/>
  <dict id="163"
      title="Толковый словарь живого великорусского языка"
      uri="http://netcologne.dl.sourceforge.net/project/xdxf/dicts-stardict-form-xdxf/002a/stardict-comn_dictd04_dalf-2.4.2.tar.bz2"
      fromLang="Russian"
      toLang="Russian"
      size="6506822"
      numWords="44642"
/>
  <dict id="164"
      title="Deutsch-Russian dictionary"
      uri="http://netcologne.dl.sourceforge.net/project/xdxf/dicts-stardict-form-xdxf/002a/stardict-comn_dictd04_deutsch_de-ru-2.4.2.tar.bz2"
      fromLang="German"
      toLang="Russian"
      size="177708"
      numWords="13002"
/>
  <dict id="165"
      title="Russian-Deutsch dictionary"
      uri="http://netcologne.dl.sourceforge.net/project/xdxf/dicts-stardict-form-xdxf/002a/stardict-comn_dictd04_deutsch_ru-de-2.4.2.tar.bz2"
      fromLang="Russian"
      toLang="German"
      size="200902"
      numWords="13002"
/>
  <dict id="166"
      title="THE DEVIL'S DICTIONARY ((C)1911 Released April 15 1993)"
      uri="http://netcologne.dl.sourceforge.net/project/xdxf/dicts-stardict-form-xdxf/002a/stardict-comn_dictd04_devils-2.4.2.tar.bz2"
      fromLang="English"
      toLang="English"
      size="126879"
      numWords="994"
/>
  <dict id="167"
      title="Easton's 1897 Bible Dictionary"
      uri="http://netcologne.dl.sourceforge.net/project/xdxf/dicts-stardict-form-xdxf/002a/stardict-comn_dictd04_easton-2.4.2.tar.bz2"
      fromLang="English"
      toLang="English"
      size="745629"
      numWords="3965"
/>
  <dict id="168"
      title="Elements database 20001107"
      uri="http://netcologne.dl.sourceforge.net/project/xdxf/dicts-stardict-form-xdxf/002a/stardict-comn_dictd04_elements-2.4.2.tar.bz2"
      fromLang="English"
      toLang="English"
      size="15803"
      numWords="127"
/>
  <dict id="169"
      title="The Open English-Russian Computer Dictionary"
      uri="http://netcologne.dl.sourceforge.net/project/xdxf/dicts-stardict-form-xdxf/002a/stardict-comn_dictd04_engcom-2.4.2.tar.bz2"
      fromLang="English"
      toLang="Russian"
      size="68600"
      numWords="1273"
/>
  <dict id="170"
      title="Этнографический словарь"
      uri="http://netcologne.dl.sourceforge.net/project/xdxf/dicts-stardict-form-xdxf/002a/stardict-comn_dictd04_ethnographic-2.4.2.tar.bz2"
      fromLang="Russian"
      toLang="Russian"
      size="35451"
      numWords="779"
/>
  <dict id="171"
      title="Словарь финансовых терминов"
      uri="http://netcologne.dl.sourceforge.net/project/xdxf/dicts-stardict-form-xdxf/002a/stardict-comn_dictd04_findict-2.4.2.tar.bz2"
      fromLang="Russian"
      toLang="Russian"
      size="262293"
      numWords="2174"
/>
  <dict id="172"
      title="The Free On-line Dictionary of Computing (13 Mar 01)"
      uri="http://netcologne.dl.sourceforge.net/project/xdxf/dicts-stardict-form-xdxf/002a/stardict-comn_dictd04_foldoc-2.4.2.tar.bz2"
      fromLang="English"
      toLang="English"
      size="1479157"
      numWords="13255"
/>
  <dict id="173"
      title="U.S. Gazetteer (1990)"
      uri="http://netcologne.dl.sourceforge.net/project/xdxf/dicts-stardict-form-xdxf/002a/stardict-comn_dictd04_gazetteer-2.4.2.tar.bz2"
      fromLang="English"
      toLang="English"
      size="1326294"
      numWords="52991"
/>
  <dict id="174"
      title="The Collaborative International Dictionary of English v.0.44"
      uri="http://netcologne.dl.sourceforge.net/project/xdxf/dicts-stardict-form-xdxf/002a/stardict-comn_dictd04_gcide-2.4.2.tar.bz2"
      fromLang="English"
      toLang="English"
      size="25894228"
      numWords="200655"
/>
  <dict id="175"
      title="Geological English-Russian dictionary"
      uri="http://netcologne.dl.sourceforge.net/project/xdxf/dicts-stardict-form-xdxf/002a/stardict-comn_dictd04_geology_en-ru-2.4.2.tar.bz2"
      fromLang="English"
      toLang="Russian"
      size="33741"
      numWords="2276"
/>
  <dict id="176"
      title="Geological Russian-English dictionary"
      uri="http://netcologne.dl.sourceforge.net/project/xdxf/dicts-stardict-form-xdxf/002a/stardict-comn_dictd04_geology_ru-en-2.4.2.tar.bz2"
      fromLang="Russian"
      toLang="English"
      size="31793"
      numWords="1951"
/>
  <dict id="177"
      title="Словарь-указатель по древнерусскому искусству"
      uri="http://netcologne.dl.sourceforge.net/project/xdxf/dicts-stardict-form-xdxf/002a/stardict-comn_dictd04_hi127-2.4.2.tar.bz2"
      fromLang="Russian"
      toLang="Russian"
      size="56056"
      numWords="257"
/>
  <dict id="178"
      title="Hitchcock's Bible Names Dictionary (late 1800's)"
      uri="http://netcologne.dl.sourceforge.net/project/xdxf/dicts-stardict-form-xdxf/002a/stardict-comn_dictd04_hitchcock-2.4.2.tar.bz2"
      fromLang="English"
      toLang="English"
      size="37541"
      numWords="2616"
/>
  <dict id="179"
      title="Русско-английский словарь идиом"
      uri="http://netcologne.dl.sourceforge.net/project/xdxf/dicts-stardict-form-xdxf/002a/stardict-comn_dictd04_idioms-2.4.2.tar.bz2"
      fromLang="Russian"
      toLang="English"
      size="21567"
      numWords="682"
/>
  <dict id="180"
      title="Jargon File (4.3.1 29 Jun 2001)"
      uri="http://netcologne.dl.sourceforge.net/project/xdxf/dicts-stardict-form-xdxf/002a/stardict-comn_dictd04_jargon-2.4.2.tar.bz2"
      fromLang="English"
      toLang="English"
      size="467967"
      numWords="2371"
/>
  <dict id="181"
      title="korolew_enru"
      uri="http://netcologne.dl.sourceforge.net/project/xdxf/dicts-stardict-form-xdxf/002a/stardict-comn_dictd04_korolew_en-ru-2.4.2.tar.bz2"
      fromLang="English"
      toLang="Russian"
      size="1207003"
      numWords="34556"
/>
  <dict id="182"
      title="korolew_ru-en"
      uri="http://netcologne.dl.sourceforge.net/project/xdxf/dicts-stardict-form-xdxf/002a/stardict-comn_dictd04_korolew_ru-en-2.4.2.tar.bz2"
      fromLang="Russian"
      toLang="English"
      size="1373489"
      numWords="32453"
/>
  <dict id="183"
      title="Латинско-русский словарь"
      uri="http://netcologne.dl.sourceforge.net/project/xdxf/dicts-stardict-form-xdxf/002a/stardict-comn_dictd04_latrus-2.4.2.tar.bz2"
      fromLang="Latin"
      toLang="English"
      size="161373"
      numWords="12613"
/>
  <dict id="184"
      title="Новый Большой англо-русский словарь"
      uri="http://netcologne.dl.sourceforge.net/project/xdxf/dicts-stardict-form-xdxf/002a/stardict-comn_dictd04_magus-2.4.2.tar.bz2"
      fromLang="English"
      toLang="Russian"
      size="6731819"
      numWords="110339"
/>
  <dict id="185"
      title="mech"
      uri="http://netcologne.dl.sourceforge.net/project/xdxf/dicts-stardict-form-xdxf/002a/stardict-comn_dictd04_mech-2.4.2.tar.bz2"
      fromLang="English"
      toLang="Russian"
      size="60338"
      numWords="985"
/>
  <dict id="186"
      title="Медицинский словарь"
      uri="http://netcologne.dl.sourceforge.net/project/xdxf/dicts-stardict-form-xdxf/002a/stardict-comn_dictd04_meddict-2.4.2.tar.bz2"
      fromLang="Russian"
      toLang="Russian"
      size="1779885"
      numWords="1192"
/>
  <dict id="187"
      title="Mueller English-Russian Dictionary"
      uri="http://netcologne.dl.sourceforge.net/project/xdxf/dicts-stardict-form-xdxf/002a/stardict-comn_dictd04_mueller7.koi8-2.4.2.tar.bz2"
      fromLang="English"
      toLang="Russian"
      size="2065453"
      numWords="46198"
/>
  <dict id="188"
      title="Mueller English-Russian Dictionary"
      uri="http://netcologne.dl.sourceforge.net/project/xdxf/dicts-stardict-form-xdxf/002a/stardict-comn_dictd04_mueller7-2.4.2.tar.bz2"
      fromLang="English"
      toLang="Russian"
      size="2074165"
      numWords="46198"
/>
  <dict id="189"
      title="Dutch monolingual dictionary"
      uri="http://netcologne.dl.sourceforge.net/project/xdxf/dicts-stardict-form-xdxf/002a/stardict-comn_dictd04_muiswerk-2.4.2.tar.bz2"
      fromLang="Dutch; Flemish"
      toLang="Dutch; Flemish"
      size="189914"
      numWords="3194"
/>
  <dict id="190"
      title="Толковый словарь Ожегова"
      uri="http://netcologne.dl.sourceforge.net/project/xdxf/dicts-stardict-form-xdxf/002a/stardict-comn_dictd04_ozhegov-2.4.2.tar.bz2"
      fromLang="Russian"
      toLang="Russian"
      size="1809022"
      numWords="61457"
/>
  <dict id="191"
      title="Толковый словарь русского языка Ожегова и Шведовой"
      uri="http://netcologne.dl.sourceforge.net/project/xdxf/dicts-stardict-form-xdxf/002a/stardict-comn_dictd04_ozhshv-2.4.2.tar.bz2"
      fromLang="Russian"
      toLang="Russian"
      size="2718758"
      numWords="40018"
/>
  <dict id="192"
      title="Religion"
      uri="http://netcologne.dl.sourceforge.net/project/xdxf/dicts-stardict-form-xdxf/002a/stardict-comn_dictd04_religion-2.4.2.tar.bz2"
      fromLang="Russian"
      toLang="Russian"
      size="350700"
      numWords="1838"
/>
  <dict id="193"
      title="Computer Science Abbreviations"
      uri="http://netcologne.dl.sourceforge.net/project/xdxf/dicts-stardict-form-xdxf/002a/stardict-comn_dictd04_sc-abbr-2.4.2.tar.bz2"
      fromLang="English"
      toLang="Russian"
      size="21234"
      numWords="507"
/>
  <dict id="194"
      title="sinyagin_abbrev"
      uri="http://netcologne.dl.sourceforge.net/project/xdxf/dicts-stardict-form-xdxf/002a/stardict-comn_dictd04_sinyagin_abbrev-2.4.2.tar.bz2"
      fromLang="English"
      toLang="Russian"
      size="6168"
      numWords="151"
/>
  <dict id="195"
      title="sinyagin_alexeymavrin"
      uri="http://netcologne.dl.sourceforge.net/project/xdxf/dicts-stardict-form-xdxf/002a/stardict-comn_dictd04_sinyagin_alexeymavrin-2.4.2.tar.bz2"
      fromLang="English"
      toLang="Russian"
      size="284254"
      numWords="20797"
/>
  <dict id="196"
      title="sinyagin_business"
      uri="http://netcologne.dl.sourceforge.net/project/xdxf/dicts-stardict-form-xdxf/002a/stardict-comn_dictd04_sinyagin_business-2.4.2.tar.bz2"
      fromLang="English"
      toLang="Russian"
      size="301106"
      numWords="13188"
/>
  <dict id="197"
      title="sinyagin_computer"
      uri="http://netcologne.dl.sourceforge.net/project/xdxf/dicts-stardict-form-xdxf/002a/stardict-comn_dictd04_sinyagin_computer-2.4.2.tar.bz2"
      fromLang="English"
      toLang="Russian"
      size="208768"
      numWords="5165"
/>
  <dict id="198"
      title="sinyagin_general_er"
      uri="http://netcologne.dl.sourceforge.net/project/xdxf/dicts-stardict-form-xdxf/002a/stardict-comn_dictd04_sinyagin_general_er-2.4.2.tar.bz2"
      fromLang="English"
      toLang="Russian"
      size="326069"
      numWords="17323"
/>
  <dict id="199"
      title="sinyagin_general_re"
      uri="http://netcologne.dl.sourceforge.net/project/xdxf/dicts-stardict-form-xdxf/002a/stardict-comn_dictd04_sinyagin_general_re-2.4.2.tar.bz2"
      fromLang="Russian"
      toLang="English"
      size="330926"
      numWords="20358"
/>
  <dict id="200"
      title="slovnyk_be-en"
      uri="http://netcologne.dl.sourceforge.net/project/xdxf/dicts-stardict-form-xdxf/002a/stardict-comn_dictd04_slovnyk_be-en-2.4.2.tar.bz2"
      fromLang="Belarusian"
      toLang="English"
      size="154036"
      numWords="24510"
/>
  <dict id="201"
      title="slovnyk_be-pl"
      uri="http://netcologne.dl.sourceforge.net/project/xdxf/dicts-stardict-form-xdxf/002a/stardict-comn_dictd04_slovnyk_be-pl-2.4.2.tar.bz2"
      fromLang="Belarusian"
      toLang="Polish"
      size="43296"
      numWords="5852"
/>
  <dict id="202"
      title="slovnyk_be-ru"
      uri="http://netcologne.dl.sourceforge.net/project/xdxf/dicts-stardict-form-xdxf/002a/stardict-comn_dictd04_slovnyk_be-ru-2.4.2.tar.bz2"
      fromLang="Belarusian"
      toLang="Russian"
      size="154895"
      numWords="19265"
/>
  <dict id="203"
      title="slovnyk_be-uk"
      uri="http://netcologne.dl.sourceforge.net/project/xdxf/dicts-stardict-form-xdxf/002a/stardict-comn_dictd04_slovnyk_be-uk-2.4.2.tar.bz2"
      fromLang="Belarusian"
      toLang="Ukrainian"
      size="149360"
      numWords="20273"
/>
  <dict id="204"
      title="slovnyk_en-be"
      uri="http://netcologne.dl.sourceforge.net/project/xdxf/dicts-stardict-form-xdxf/002a/stardict-comn_dictd04_slovnyk_en-be-2.4.2.tar.bz2"
      fromLang="English"
      toLang="Belarusian"
      size="178365"
      numWords="24510"
/>
  <dict id="205"
      title="slovnyk_en-pl"
      uri="http://netcologne.dl.sourceforge.net/project/xdxf/dicts-stardict-form-xdxf/002a/stardict-comn_dictd04_slovnyk_en-pl-2.4.2.tar.bz2"
      fromLang="English"
      toLang="Polish"
      size="303030"
      numWords="33656"
/>
  <dict id="206"
      title="slovnyk_en-ru"
      uri="http://netcologne.dl.sourceforge.net/project/xdxf/dicts-stardict-form-xdxf/002a/stardict-comn_dictd04_slovnyk_en-ru-2.4.2.tar.bz2"
      fromLang="English"
      toLang="Russian"
      size="1107065"
      numWords="157453"
/>
  <dict id="207"
      title="slovnyk_en-uk"
      uri="http://netcologne.dl.sourceforge.net/project/xdxf/dicts-stardict-form-xdxf/002a/stardict-comn_dictd04_slovnyk_en-uk-2.4.2.tar.bz2"
      fromLang="English"
      toLang="Ukrainian"
      size="1029832"
      numWords="138169"
/>
  <dict id="208"
      title="slovnyk_pl-be"
      uri="http://netcologne.dl.sourceforge.net/project/xdxf/dicts-stardict-form-xdxf/002a/stardict-comn_dictd04_slovnyk_pl-be-2.4.2.tar.bz2"
      fromLang="Polish"
      toLang="Belarusian"
      size="52648"
      numWords="5852"
/>
  <dict id="209"
      title="slovnyk_pl-en"
      uri="http://netcologne.dl.sourceforge.net/project/xdxf/dicts-stardict-form-xdxf/002a/stardict-comn_dictd04_slovnyk_pl-en-2.4.2.tar.bz2"
      fromLang="Polish"
      toLang="English"
      size="330869"
      numWords="33655"
/>
  <dict id="210"
      title="slovnyk_pl-ru"
      uri="http://netcologne.dl.sourceforge.net/project/xdxf/dicts-stardict-form-xdxf/002a/stardict-comn_dictd04_slovnyk_pl-ru-2.4.2.tar.bz2"
      fromLang="Polish"
      toLang="Russian"
      size="549266"
      numWords="90373"
/>
  <dict id="211"
      title="slovnyk_pl-uk"
      uri="http://netcologne.dl.sourceforge.net/project/xdxf/dicts-stardict-form-xdxf/002a/stardict-comn_dictd04_slovnyk_pl-uk-2.4.2.tar.bz2"
      fromLang="Polish"
      toLang="Ukrainian"
      size="531625"
      numWords="82792"
/>
  <dict id="212"
      title="slovnyk_ru-be"
      uri="http://netcologne.dl.sourceforge.net/project/xdxf/dicts-stardict-form-xdxf/002a/stardict-comn_dictd04_slovnyk_ru-be-2.4.2.tar.bz2"
      fromLang="Russian"
      toLang="Belarusian"
      size="172253"
      numWords="19265"
/>
  <dict id="213"
      title="slovnyk_ru-en"
      uri="http://netcologne.dl.sourceforge.net/project/xdxf/dicts-stardict-form-xdxf/002a/stardict-comn_dictd04_slovnyk_ru-en-2.4.2.tar.bz2"
      fromLang="Russian"
      toLang="English"
      size="1093061"
      numWords="157453"
/>
  <dict id="214"
      title="slovnyk_ru-pl"
      uri="http://netcologne.dl.sourceforge.net/project/xdxf/dicts-stardict-form-xdxf/002a/stardict-comn_dictd04_slovnyk_ru-pl-2.4.2.tar.bz2"
      fromLang="Russian"
      toLang="Polish"
      size="576508"
      numWords="90373"
/>
  <dict id="215"
      title="slovnyk_ru-uk"
      uri="http://netcologne.dl.sourceforge.net/project/xdxf/dicts-stardict-form-xdxf/002a/stardict-comn_dictd04_slovnyk_ru-uk-2.4.2.tar.bz2"
      fromLang="Russian"
      toLang="Ukrainian"
      size="4915892"
      numWords="620773"
/>
  <dict id="216"
      title="slovnyk_uk-be"
      uri="http://netcologne.dl.sourceforge.net/project/xdxf/dicts-stardict-form-xdxf/002a/stardict-comn_dictd04_slovnyk_uk-be-2.4.2.tar.bz2"
      fromLang="Ukrainian"
      toLang="Belarusian"
      size="166584"
      numWords="20273"
/>
  <dict id="217"
      title="slovnyk_uk-en"
      uri="http://netcologne.dl.sourceforge.net/project/xdxf/dicts-stardict-form-xdxf/002a/stardict-comn_dictd04_slovnyk_uk-en-2.4.2.tar.bz2"
      fromLang="Ukrainian"
      toLang="English"
      size="1006783"
      numWords="138169"
/>
  <dict id="218"
      title="slovnyk_uk-pl"
      uri="http://netcologne.dl.sourceforge.net/project/xdxf/dicts-stardict-form-xdxf/002a/stardict-comn_dictd04_slovnyk_uk-pl-2.4.2.tar.bz2"
      fromLang="Ukrainian"
      toLang="Polish"
      size="534465"
      numWords="82796"
/>
  <dict id="219"
      title="slovnyk_uk-ru"
      uri="http://netcologne.dl.sourceforge.net/project/xdxf/dicts-stardict-form-xdxf/002a/stardict-comn_dictd04_slovnyk_uk-ru-2.4.2.tar.bz2"
      fromLang="Ukrainian"
      toLang="Russian"
      size="4874979"
      numWords="620773"
/>
  <dict id="220"
      title="smiley"
      uri="http://netcologne.dl.sourceforge.net/project/xdxf/dicts-stardict-form-xdxf/002a/stardict-comn_dictd04_smiley-2.4.2.tar.bz2"
      fromLang="English"
      toLang="English"
      size="4295"
      numWords="129"
/>
  <dict id="221"
      title="sokrat_enru"
      uri="http://netcologne.dl.sourceforge.net/project/xdxf/dicts-stardict-form-xdxf/002a/stardict-comn_dictd04_sokrat_en-ru-2.4.2.tar.bz2"
      fromLang="English"
      toLang="Russian"
      size="687607"
      numWords="56336"
/>
  <dict id="222"
      title="sokrat_ruen"
      uri="http://netcologne.dl.sourceforge.net/project/xdxf/dicts-stardict-form-xdxf/002a/stardict-comn_dictd04_sokrat_ru-en-2.4.2.tar.bz2"
      fromLang="Russian"
      toLang="English"
      size="587644"
      numWords="49912"
/>
  <dict id="223"
      title="Russian-Swedish dictionary"
      uri="http://netcologne.dl.sourceforge.net/project/xdxf/dicts-stardict-form-xdxf/002a/stardict-comn_dictd04_swedish_ru-sv-2.4.2.tar.bz2"
      fromLang="English"
      toLang="Swedish"
      size="174909"
      numWords="10404"
/>
  <dict id="224"
      title="Swedish-Russian dictionary"
      uri="http://netcologne.dl.sourceforge.net/project/xdxf/dicts-stardict-form-xdxf/002a/stardict-comn_dictd04_swedish_sv-ru-2.4.2.tar.bz2"
      fromLang="Swedish"
      toLang="Russian"
      size="151076"
      numWords="10404"
/>
  <dict id="225"
      title="Теософский словарь"
      uri="http://netcologne.dl.sourceforge.net/project/xdxf/dicts-stardict-form-xdxf/002a/stardict-comn_dictd04_teo-2.4.2.tar.bz2"
      fromLang="Russian"
      toLang="Russian"
      size="339159"
      numWords="2335"
/>
  <dict id="226"
      title="Толковый словарь Ушакова"
      uri="http://netcologne.dl.sourceforge.net/project/xdxf/dicts-stardict-form-xdxf/002a/stardict-comn_dictd04_ushakov-2.4.2.tar.bz2"
      fromLang="Russian"
      toLang="Russian"
      size="5167751"
      numWords="83494"
/>
  <dict id="227"
      title="V.E.R.A. -- Virtual Entity of Relevant Acronyms December 2001"
      uri="http://netcologne.dl.sourceforge.net/project/xdxf/dicts-stardict-form-xdxf/002a/stardict-comn_dictd04_vera-2.4.2.tar.bz2"
      fromLang="English"
      toLang="English"
      size="136628"
      numWords="8927"
/>
  <dict id="228"
      title="Webster's Revised Unabridged Dictionary (1913)"
      uri="http://netcologne.dl.sourceforge.net/project/xdxf/dicts-stardict-form-xdxf/002a/stardict-comn_dictd04_web1913-2.4.2.tar.bz2"
      fromLang="English"
      toLang="English"
      size="21627737"
      numWords="185395"
/>
  <dict id="229"
      title="WordNet (r) 1.7"
      uri="http://netcologne.dl.sourceforge.net/project/xdxf/dicts-stardict-form-xdxf/002a/stardict-comn_dictd04_wn-2.4.2.tar.bz2"
      fromLang="English"
      toLang="English"
      size="6890557"
      numWords="136971"
/>
  <dict id="230"
      title="CIA World Factbook 2002"
      uri="http://netcologne.dl.sourceforge.net/project/xdxf/dicts-stardict-form-xdxf/002a/stardict-comn_dictd04_world02-2.4.2.tar.bz2"
      fromLang="English"
      toLang="English"
      size="788896"
      numWords="277"
/>
  <dict id="231"
      title="The CIA World Factbook (1995)"
      uri="http://netcologne.dl.sourceforge.net/project/xdxf/dicts-stardict-form-xdxf/002a/stardict-comn_dictd04_world95-2.4.2.tar.bz2"
      fromLang="English"
      toLang="English"
      size="588591"
      numWords="274"
/>
  <dict id="232"
      title="USSR abbreviations for chips"
      uri="http://netcologne.dl.sourceforge.net/project/xdxf/dicts-stardict-form-xdxf/002a/stardict-comn_dictd04_zhelezyaki_abbr-2.4.2.tar.bz2"
      fromLang="Russian"
      toLang="Russian"
      size="4893"
      numWords="61"
/>
  <dict id="233"
      title="Analogs for USSR chips"
      uri="http://netcologne.dl.sourceforge.net/project/xdxf/dicts-stardict-form-xdxf/002a/stardict-comn_dictd04_zhelezyaki_analogs-2.4.2.tar.bz2"
      fromLang="Russian"
      toLang="Russian"
      size="43221"
      numWords="1550"
/>
  <dict id="234"
      title="Islandsko-cesky slovnik 1.3"
      uri="http://netcologne.dl.sourceforge.net/project/xdxf/dicts-stardict-form-xdxf/002e/stardict-user_ales01_is_cz_dict-2.4.2.tar.bz2"
      fromLang="Icelandic"
      toLang="Czech"
      size="179370"
      numWords="5000"
/>
  <dict id="235"
      title="Vasmer (Ru-Ru)"
      uri="http://downloads.sourceforge.net/xdxf/stardict-comn_stardict01_Ru-Ru-Vasmer-2.4.2.tar.bz2"
      fromLang="Russian"
      toLang="Russian"
      size="1946492"
      numWords="17362"
/>
  <dict id="236"
      title="Dictionnaire de l'Academie Francaise, 7eme edition (1835)."
      uri="http://netcologne.dl.sourceforge.net/project/xdxf/dicts-stardict-form-xdxf/002e/stardict-user_hctr01_dicoAF1835_27-2.4.2.tar.bz2"
      fromLang="French"
      toLang="French"
      size="8276490"
      numWords="29034"
/>
  <dict id="237"
      title="Dictionnaire de l'Academie francaise, 8eme edition (1935)"
      uri="http://netcologne.dl.sourceforge.net/project/xdxf/dicts-stardict-form-xdxf/002e/stardict-user_hctr01_Dico_result_37-2.4.2.tar.bz2"
      fromLang="French"
      toLang="French"
      size="7014041"
      numWords="31217"
/>
  <dict id="238"
      title="Grand dictionnaire de cuisine (1873)"
      uri="http://netcologne.dl.sourceforge.net/project/xdxf/dicts-stardict-form-xdxf/002e/stardict-user_hctr01_dictionnaireCuisine38-2.4.2.tar.bz2"
      fromLang="French"
      toLang="French"
      size="1103739"
      numWords="2492"
/>
  <dict id="239"
      title="Dictionnaire des idees recues, de Gustave Flaubert (1912)."
      uri="http://netcologne.dl.sourceforge.net/project/xdxf/dicts-stardict-form-xdxf/002e/stardict-user_hctr01_ideesrecues8-2.4.2.tar.bz2"
      fromLang="French"
      toLang="French"
      size="36064"
      numWords="960"
/>
</dictionaries>